{"settings":{"Skybox":["f08f5e08-d1d7-4746-ab8a-a2436a5a7832","3302fce9-18a9-438c-8e2d-8b382e7db4fb","2b88cd23-e139-4e8e-8361-e6fc2cc1e954","2a137716-e3e1-415d-af45-80fa4e31bd6b","1955135f-622d-44da-95a6-b8bb6268f025","b09432bc-a6d7-4353-af05-3670dccdc5ac"],"User Settings":{"Movement Speed":0.25,"Enable Flying":true,"User Scale":1,"Swap Joysticks":false},"Acknowledgements":[]},"version":"0.3.9","components":{"d9891de1-914d-4448-9e66-8867211b5dc8":[{"id":"e32eb638-918b-4388-b665-be99e00f5ba5","name":"Grabbable","assetId":"d9891de1-914d-4448-9e66-8867211b5dc8","components":[],"isPrivate":false,"stealable":true}],"a9d2e22f-ddf6-49fe-a420-5fffd5ee69a3":[{"id":"dd21a79d-82e8-4a65-b751-1efad2ab7eb7","name":"Texture Scroll","assetId":"a9d2e22f-ddf6-49fe-a420-5fffd5ee69a3","components":[],"isPrivate":false,"scrollPercent":[1,1],"period":1},{"id":"f0e946ea-0ee2-4491-99bc-8f8366c48b14","name":"Fog Scroll","assetId":"a9d2e22f-ddf6-49fe-a420-5fffd5ee69a3","components":[],"isPrivate":false,"scrollPercent":[2,2],"period":1}]},"custom_assets":{"b02d649a-b6ec-454b-8e8f-8561f0dadebc":[{"id":"e55d3351-865a-4187-84bb-a6df1d62da2b","name":"Water","assetId":"b02d649a-b6ec-454b-8e8f-8561f0dadebc","components":[],"isPrivate":false,"parentId":"dc23454b-9d3c-4c94-b1d2-0448ec28415f","position":[0,-0.501,0],"renderOrder":0,"rotation":[-1.5707963267948966,0,0],"scale":[1,1,1],"visualEdit":false,"color":14810879,"flowDirection":[1,1],"flowSpeed":0.003,"height":1000,"waterScale":10,"width":1000}]},"audios":{},"images":{},"lights":{"7605bff2-8ca3-4a47-b6f7-311d745507de":[{"id":"d1600edf-9bb9-46c5-8a38-eae791a15dac","name":"Ambient Light","assetId":"7605bff2-8ca3-4a47-b6f7-311d745507de","components":[],"isPrivate":false,"parentId":"dc23454b-9d3c-4c94-b1d2-0448ec28415f","position":[0,0,0],"renderOrder":0,"rotation":[0,-0.42779395486448446,0],"scale":[1,1,1],"visualEdit":false,"color":16777215,"intensity":1}],"944a6b29-05d2-47d9-9b33-60e7a3e18b7d":[{"id":"5d4ab167-08c8-4768-a1ab-d3697e5c4659","name":"Sun","assetId":"944a6b29-05d2-47d9-9b33-60e7a3e18b7d","components":[],"isPrivate":false,"parentId":"dc23454b-9d3c-4c94-b1d2-0448ec28415f","position":[0,16.56485,498.01639],"renderOrder":0,"rotation":[0,0,0],"scale":[1,1,1],"visualEdit":true,"color":16777215,"intensity":200000,"distance":0,"decay":2},{"id":"87eb2de7-8230-4145-b839-596376825aab","name":"Opposite from sun","assetId":"944a6b29-05d2-47d9-9b33-60e7a3e18b7d","components":[],"isPrivate":false,"parentId":"dc23454b-9d3c-4c94-b1d2-0448ec28415f","position":[0,100,-100],"renderOrder":0,"rotation":[0,0.05423245423076341,0],"scale":[1,1,1],"visualEdit":true,"color":16777215,"intensity":10000,"distance":0,"decay":2}]},"materials":{"a6a1aa81-50a6-4773-aaf5-446d418c9817":[{"id":"195762c6-84c6-4fa8-afa6-9e769c2279a8","name":"Handle Material","assetId":"a6a1aa81-50a6-4773-aaf5-446d418c9817","components":[],"isPrivate":false,"opacity":1,"side":0,"transparent":false,"bumpScale":1,"color":3421238,"displacementScale":1,"displacementBias":0,"emissive":0,"emissiveIntensity":1,"envMapIntensity":1,"flatShading":false,"metalness":0,"normalMapType":0,"normalScale":[1,1],"roughness":1,"wireframe":false},{"id":"9903d4a7-fce0-419f-917a-5d17022df4f4","name":"Water Current Material","assetId":"a6a1aa81-50a6-4773-aaf5-446d418c9817","components":[],"isPrivate":false,"opacity":1,"side":2,"transparent":true,"alphaMapId":"b2044c7e-5d80-4726-b42e-b91b5f6786c1","bumpScale":1,"color":12766155,"displacementMapId":"b2044c7e-5d80-4726-b42e-b91b5f6786c1","displacementScale":1,"displacementBias":-0.5,"emissive":0,"emissiveIntensity":1,"envMapIntensity":1,"flatShading":false,"metalness":0,"normalMapType":0,"normalScale":[1,1],"roughness":1,"wireframe":false}],"943b7a57-7e8f-4717-9bc6-0ba2637d9e3b":[{"id":"d6034922-1586-4b46-a062-c5d38a57b543","name":"Sea Floor","assetId":"943b7a57-7e8f-4717-9bc6-0ba2637d9e3b","components":[],"isPrivate":false,"opacity":1,"side":0,"transparent":false,"color":16773056,"combine":0,"reflectivity":1,"refractionRatio":0.98,"wireframe":false},{"id":"e672996b-7547-49b6-9e4d-f660d9263fc9","name":"Basic Material Material","assetId":"943b7a57-7e8f-4717-9bc6-0ba2637d9e3b","components":[],"isPrivate":false,"opacity":1,"side":0,"transparent":false,"color":16777215,"combine":0,"reflectivity":1,"refractionRatio":0.98,"wireframe":false}],"1a52bbe0-eaad-463c-ae8b-fb35a5e01f43":[{"id":"f7a94b37-d19b-42da-b8e0-09c75912a46d","name":"Saber Material","assetId":"1a52bbe0-eaad-463c-ae8b-fb35a5e01f43","components":[],"isPrivate":false,"opacity":1,"side":0,"transparent":true,"color":16777215}]},"models":{},"shapes":{"f4efc996-0d50-48fe-9313-3c7b1a5c1754":[{"id":"25e0a1f7-f42e-4153-b35e-53cdc12438f6","name":"Saber Handle","assetId":"f4efc996-0d50-48fe-9313-3c7b1a5c1754","components":[],"isPrivate":false,"parentId":"dc23454b-9d3c-4c94-b1d2-0448ec28415f","position":[0,-100,0],"renderOrder":0,"rotation":[0,-0.04802,0],"scale":[1,1,1],"visualEdit":true,"materialId":"195762c6-84c6-4fa8-afa6-9e769c2279a8","height":0.2,"radiusTop":0.015,"radiusBottom":0.015,"radialSegments":32,"heightSegments":1,"thetaLength":360,"openEnded":false},{"id":"fc7f84fe-bf05-4b80-851f-1034e8726051","name":"Saber Blade","assetId":"f4efc996-0d50-48fe-9313-3c7b1a5c1754","components":[],"isPrivate":false,"parentId":"25e0a1f7-f42e-4153-b35e-53cdc12438f6","position":[0,0.6,0],"renderOrder":0,"rotation":[0,0,0],"scale":[1,1,1],"visualEdit":false,"materialId":"f7a94b37-d19b-42da-b8e0-09c75912a46d","height":1,"radiusTop":0.01,"radiusBottom":0.01,"radialSegments":32,"heightSegments":1,"thetaLength":360,"openEnded":false},{"id":"b418aa78-f971-4691-a743-150531b8dab9","name":"Inner Blade","assetId":"f4efc996-0d50-48fe-9313-3c7b1a5c1754","components":[],"isPrivate":false,"parentId":"fc7f84fe-bf05-4b80-851f-1034e8726051","position":[0,0,0],"renderOrder":0,"rotation":[0,0.74437,0],"scale":[0.9999999999999999,1,0.9999999999999999],"visualEdit":false,"materialId":"e672996b-7547-49b6-9e4d-f660d9263fc9","height":1,"radiusTop":0.005,"radiusBottom":0.005,"radialSegments":32,"heightSegments":1,"thetaLength":360,"openEnded":false}],"423c9506-52f4-4725-b848-69913cce2b00":[{"id":"033f8e60-03be-4378-ad1f-fff6622c61d4","name":"Saber Tip","assetId":"423c9506-52f4-4725-b848-69913cce2b00","components":[],"isPrivate":false,"parentId":"fc7f84fe-bf05-4b80-851f-1034e8726051","position":[0,0.5,0],"renderOrder":0,"rotation":[0,0.040019999999999986,0],"scale":[1,1,1],"visualEdit":false,"materialId":"f7a94b37-d19b-42da-b8e0-09c75912a46d","radius":0.01,"widthSegments":32,"heightSegments":16,"phiLength":360,"thetaLength":90}]},"systems":{"2c7f5320-0371-4d99-b546-2eb18a343d3f":[{"id":"a862c5b0-ec50-47e9-88b2-ce034bc37f60","name":"Texture Scroller","assetId":"2c7f5320-0371-4d99-b546-2eb18a343d3f","components":[],"isPrivate":false}],"6329e98a-4311-4457-9198-48d75640f8cc":[{"id":"2d7d48d6-6a52-449f-b1da-2e785e3f85cd","name":"Grabbable System","assetId":"6329e98a-4311-4457-9198-48d75640f8cc","components":[],"isPrivate":false}]},"texts":{},"textures":{"95f63d4b-06d1-4211-912b-556b6ce7bf5f":[{"id":"b2044c7e-5d80-4726-b42e-b91b5f6786c1","name":"Underwater Current Texture","assetId":"95f63d4b-06d1-4211-912b-556b6ce7bf5f","components":["dd21a79d-82e8-4a65-b751-1efad2ab7eb7"],"isPrivate":false,"colorSpace":"","image":"4603ad73-5435-4640-893c-3d0209feb7d2","wrapS":1000,"wrapT":1000,"repeat":[5,5],"offset":[0,0]},{"id":"df794393-3421-49ed-8c6c-4c6b7415a343","name":"Dirt Texture","assetId":"95f63d4b-06d1-4211-912b-556b6ce7bf5f","components":[],"isPrivate":false,"colorSpace":"srgb","image":"b180f418-89e4-4458-9c9c-c8ecc3af9e59","wrapS":1000,"wrapT":1000,"repeat":[20,10],"offset":[0,0]},{"id":"94de78a5-8449-46d6-aad1-b891e6cd4822","name":"Dirt Displacement Texture","assetId":"95f63d4b-06d1-4211-912b-556b6ce7bf5f","components":[],"isPrivate":false,"colorSpace":"srgb","image":"d14869b3-bdea-4a98-81d0-9f8eaf6c291f","wrapS":1000,"wrapT":1000,"repeat":[20,10],"offset":[0,0]},{"id":"eb93ba89-4f6d-4786-8efe-25fd6a411eed","name":"Grass Texture","assetId":"95f63d4b-06d1-4211-912b-556b6ce7bf5f","components":[],"isPrivate":false,"colorSpace":"srgb","image":"290d6218-69cf-49ee-a993-5ee6c57b526e","wrapS":1000,"wrapT":1000,"repeat":[10,10],"offset":[0,0]},{"id":"d55f98ae-9044-43ca-820a-c56c794ef9cc","name":"Fog Texture","assetId":"95f63d4b-06d1-4211-912b-556b6ce7bf5f","components":["f0e946ea-0ee2-4491-99bc-8f8366c48b14"],"isPrivate":false,"colorSpace":"srgb","image":"4603ad73-5435-4640-893c-3d0209feb7d2","wrapS":1000,"wrapT":1000,"repeat":[1,1],"offset":[0,0]}]},"videos":{},"library":{"d9891de1-914d-4448-9e66-8867211b5dc8":{"Name":"Grabbable","Type":"COMPONENT","Filepath":"assets/d9891de1-914d-4448-9e66-8867211b5dc8/Grabbable"},"a9d2e22f-ddf6-49fe-a420-5fffd5ee69a3":{"Name":"Texture Scroll","Type":"COMPONENT","Filepath":"assets/a9d2e22f-ddf6-49fe-a420-5fffd5ee69a3/Texture Scroll"},"2c7f5320-0371-4d99-b546-2eb18a343d3f":{"Name":"Texture Scroller","Type":"SYSTEM","Filepath":"assets/2c7f5320-0371-4d99-b546-2eb18a343d3f/Texture Scroller"},"6329e98a-4311-4457-9198-48d75640f8cc":{"Name":"Grabbable System","Type":"SYSTEM","Filepath":"assets/6329e98a-4311-4457-9198-48d75640f8cc/Grabbable System"},"b180f418-89e4-4458-9c9c-c8ecc3af9e59":{"Name":"dirt.jpg","Type":"IMAGE","Filepath":"assets/b180f418-89e4-4458-9c9c-c8ecc3af9e59/dirt.jpg"},"d14869b3-bdea-4a98-81d0-9f8eaf6c291f":{"Name":"dirt displacement map.jpg","Type":"IMAGE","Filepath":"assets/d14869b3-bdea-4a98-81d0-9f8eaf6c291f/dirt displacement map.jpg"},"1a52bbe0-eaad-463c-ae8b-fb35a5e01f43":{"Name":"Aura Material","Type":"MATERIAL","Filepath":"assets/1a52bbe0-eaad-463c-ae8b-fb35a5e01f43/Aura Material"},"b02d649a-b6ec-454b-8e8f-8561f0dadebc":{"Name":"Water","Type":"CUSTOM_ASSET","Filepath":"assets/b02d649a-b6ec-454b-8e8f-8561f0dadebc/Water"},"4603ad73-5435-4640-893c-3d0209feb7d2":{"Name":"Water Ripples Bump Map.jpg","Type":"IMAGE","Filepath":"assets/4603ad73-5435-4640-893c-3d0209feb7d2/Water Ripples Bump Map.jpg"},"3302fce9-18a9-438c-8e2d-8b382e7db4fb":{"Name":"left.jpg","Type":"IMAGE","Filepath":"assets/3302fce9-18a9-438c-8e2d-8b382e7db4fb/left.jpg"},"2b88cd23-e139-4e8e-8361-e6fc2cc1e954":{"Name":"top.jpg","Type":"IMAGE","Filepath":"assets/2b88cd23-e139-4e8e-8361-e6fc2cc1e954/top.jpg"},"1955135f-622d-44da-95a6-b8bb6268f025":{"Name":"front.jpg","Type":"IMAGE","Filepath":"assets/1955135f-622d-44da-95a6-b8bb6268f025/front.jpg"},"b09432bc-a6d7-4353-af05-3670dccdc5ac":{"Name":"back.jpg","Type":"IMAGE","Filepath":"assets/b09432bc-a6d7-4353-af05-3670dccdc5ac/back.jpg"},"f08f5e08-d1d7-4746-ab8a-a2436a5a7832":{"Name":"right.jpg","Type":"IMAGE","Filepath":"assets/f08f5e08-d1d7-4746-ab8a-a2436a5a7832/right.jpg"},"2a137716-e3e1-415d-af45-80fa4e31bd6b":{"Name":"bottom.jpg","Type":"IMAGE","Filepath":"assets/2a137716-e3e1-415d-af45-80fa4e31bd6b/bottom.jpg"},"290d6218-69cf-49ee-a993-5ee6c57b526e":{"Name":"grass.jpg","Type":"IMAGE","Filepath":"assets/290d6218-69cf-49ee-a993-5ee6c57b526e/grass.jpg"}}}