{"settings":{"Skybox":["b6a075e6-33e8-4647-8f1b-7e7adaeed60b","16271986-ac59-4494-b58c-b0ed5e2840ab","41207b48-296c-4a80-b9ba-7d2d8b9eb861","5ff5133d-1acb-4325-aea8-7279864f96f3","630312ea-e637-4559-ae10-8ec1ccb13ae7","c75f14a2-4b1c-42ea-8583-3341f191293b"],"User Settings":{"Movement Speed":3,"Enable Flying":true,"User Scale":1,"Swap Joysticks":false},"Acknowledgements":[{"Asset":"Beee ,  bumblebee","Author":"Sketchfab User i.deal3d","License":"CC Attribution","Source URL":"https://sketchfab.com/3d-models/none-816b3d1876434439bb02b6046d51ca32","Preview Image URL":"https://media.sketchfab.com/models/816b3d1876434439bb02b6046d51ca32/thumbnails/1f9b3fc6f40d42408fd754e9f5189856/612b6d8eeba749e4855689930c4354ce.jpeg"},{"Asset":"Ghost","Author":"Sketchfab User Dilan180H","License":"CC Attribution","Source URL":"https://sketchfab.com/3d-models/none-21e290707bd449dc82f987cc622ecaa5","Preview Image URL":"https://media.sketchfab.com/models/21e290707bd449dc82f987cc622ecaa5/thumbnails/62ff763c4fe846b3951ed06671632078/be156cddb7b841e08b6f756d99fe95fa.jpeg"},{"Asset":"Palm Tree tall","Author":"Sketchfab User pizzaguyty","License":"CC Attribution","Source URL":"https://sketchfab.com/3d-models/none-557ea8d4527f47e8bbc657e2764b7cab","Preview Image URL":"https://media.sketchfab.com/models/557ea8d4527f47e8bbc657e2764b7cab/thumbnails/e9cd53e6c13446b4b9a489a0e8ea1de5/537343a0ad8a4337b5097d1ccbadd065.jpeg"},{"Asset":"Palm Tree","Author":"Sketchfab User GreenLineStudio","License":"CC Attribution","Source URL":"https://sketchfab.com/3d-models/none-102cabf0155243e094282c0cd74e79e0","Preview Image URL":"https://media.sketchfab.com/models/102cabf0155243e094282c0cd74e79e0/thumbnails/76f572fabf18492d8b83b81a4d006b18/7a9a2f4d4c344503978a076509a410db.jpeg"},{"Asset":"Stylized Palm Tree","Author":"Sketchfab User KrazzyElf","License":"CC Attribution","Source URL":"https://sketchfab.com/3d-models/none-22c3a3d3fb7146cfa22850fa31390e5d","Preview Image URL":"https://media.sketchfab.com/models/22c3a3d3fb7146cfa22850fa31390e5d/thumbnails/2990d87615cb4a2889d5240a7a71a9b0/4175bbfa92554d2e8acb75149cbe6548.jpeg"},{"Asset":"Low Poly Dock Bridge","Author":"Sketchfab User sicfx","License":"CC Attribution","Source URL":"https://sketchfab.com/3d-models/none-f86c8863925c44b1a41170625cb1161d","Preview Image URL":"https://media.sketchfab.com/models/f86c8863925c44b1a41170625cb1161d/thumbnails/d18d1d082f5945edb5b00e62555c98d7/a9eb189898e149e285a99ebfea9079cd.jpeg"}]},"version":"0.3.5","components":{"d9891de1-914d-4448-9e66-8867211b5dc8":[{"id":"e32eb638-918b-4388-b665-be99e00f5ba5","name":"Grabbable","assetId":"d9891de1-914d-4448-9e66-8867211b5dc8","components":[],"stealable":true}],"a9d2e22f-ddf6-49fe-a420-5fffd5ee69a3":[{"id":"dd21a79d-82e8-4a65-b751-1efad2ab7eb7","name":"Texture Scroll","assetId":"a9d2e22f-ddf6-49fe-a420-5fffd5ee69a3","components":[],"scrollPercent":[1,1],"period":1},{"id":"f0e946ea-0ee2-4491-99bc-8f8366c48b14","name":"Fog Scroll","assetId":"a9d2e22f-ddf6-49fe-a420-5fffd5ee69a3","components":[],"scrollPercent":[2,2],"period":1}]},"custom_assets":{"b02d649a-b6ec-454b-8e8f-8561f0dadebc":[{"id":"e55d3351-865a-4187-84bb-a6df1d62da2b","name":"Water","assetId":"b02d649a-b6ec-454b-8e8f-8561f0dadebc","components":[],"parentId":"dc23454b-9d3c-4c94-b1d2-0448ec28415f","position":[0,-0.501,0],"renderOrder":0,"rotation":[-1.5707963267948966,0,0],"scale":[1,1,1],"visualEdit":false,"color":62718,"flowDirection":[1,1],"flowSpeed":0.003,"height":1000,"waterScale":10,"width":1000}]},"audios":{},"images":{},"lights":{"7605bff2-8ca3-4a47-b6f7-311d745507de":[{"id":"d1600edf-9bb9-46c5-8a38-eae791a15dac","name":"Ambient Light","assetId":"7605bff2-8ca3-4a47-b6f7-311d745507de","components":[],"parentId":"dc23454b-9d3c-4c94-b1d2-0448ec28415f","position":[0,0,0],"renderOrder":0,"rotation":[0,-0.42779395486448446,0],"scale":[1,1,1],"visualEdit":false,"color":16777215,"intensity":1}],"944a6b29-05d2-47d9-9b33-60e7a3e18b7d":[{"id":"5d4ab167-08c8-4768-a1ab-d3697e5c4659","name":"Sun","assetId":"944a6b29-05d2-47d9-9b33-60e7a3e18b7d","components":[],"parentId":"dc23454b-9d3c-4c94-b1d2-0448ec28415f","position":[0,16.56485,498.01639],"renderOrder":0,"rotation":[0,0,0],"scale":[1,1,1],"visualEdit":true,"color":16777215,"intensity":200000,"distance":0,"decay":2},{"id":"87eb2de7-8230-4145-b839-596376825aab","name":"Opposite from sun","assetId":"944a6b29-05d2-47d9-9b33-60e7a3e18b7d","components":[],"parentId":"dc23454b-9d3c-4c94-b1d2-0448ec28415f","position":[0,100,-100],"renderOrder":0,"rotation":[0,0.05423245423076341,0],"scale":[1,1,1],"visualEdit":true,"color":16777215,"intensity":10000,"distance":0,"decay":2}]},"materials":{"a6a1aa81-50a6-4773-aaf5-446d418c9817":[{"id":"4ce5807c-8b55-4e4e-bb27-9f3bd49fdd18","name":"Sand","assetId":"a6a1aa81-50a6-4773-aaf5-446d418c9817","components":[],"opacity":1,"side":0,"transparent":false,"bumpScale":1,"color":16769709,"displacementScale":1,"displacementBias":0,"emissive":0,"emissiveIntensity":1,"envMapIntensity":1,"flatShading":false,"metalness":0,"normalMapType":0,"normalScale":[1,1],"roughness":1,"wireframe":false},{"id":"195762c6-84c6-4fa8-afa6-9e769c2279a8","name":"Handle Material","assetId":"a6a1aa81-50a6-4773-aaf5-446d418c9817","components":[],"opacity":1,"side":0,"transparent":false,"bumpScale":1,"color":3421238,"displacementScale":1,"displacementBias":0,"emissive":0,"emissiveIntensity":1,"envMapIntensity":1,"flatShading":false,"metalness":0,"normalMapType":0,"normalScale":[1,1],"roughness":1,"wireframe":false},{"id":"9903d4a7-fce0-419f-917a-5d17022df4f4","name":"Water Current Material","assetId":"a6a1aa81-50a6-4773-aaf5-446d418c9817","components":[],"opacity":1,"side":2,"transparent":true,"alphaMapId":"b2044c7e-5d80-4726-b42e-b91b5f6786c1","bumpScale":1,"color":12766155,"displacementMapId":"b2044c7e-5d80-4726-b42e-b91b5f6786c1","displacementScale":1,"displacementBias":-0.5,"emissive":0,"emissiveIntensity":1,"envMapIntensity":1,"flatShading":false,"metalness":0,"normalMapType":0,"normalScale":[1,1],"roughness":1,"wireframe":false}],"943b7a57-7e8f-4717-9bc6-0ba2637d9e3b":[{"id":"d6034922-1586-4b46-a062-c5d38a57b543","name":"Sea Floor","assetId":"943b7a57-7e8f-4717-9bc6-0ba2637d9e3b","components":[],"opacity":1,"side":0,"transparent":false,"color":16773056,"combine":0,"reflectivity":1,"refractionRatio":0.98,"wireframe":false},{"id":"e672996b-7547-49b6-9e4d-f660d9263fc9","name":"Basic Material Material","assetId":"943b7a57-7e8f-4717-9bc6-0ba2637d9e3b","components":[],"opacity":1,"side":0,"transparent":false,"color":16777215,"combine":0,"reflectivity":1,"refractionRatio":0.98,"wireframe":false}],"1a52bbe0-eaad-463c-ae8b-fb35a5e01f43":[{"id":"f7a94b37-d19b-42da-b8e0-09c75912a46d","name":"Saber Material","assetId":"1a52bbe0-eaad-463c-ae8b-fb35a5e01f43","components":[],"opacity":1,"side":0,"transparent":true,"color":16777215}]},"models":{"1b576162-483a-4738-a063-6a7530780a41":[{"id":"c9daa484-c9f7-446d-a82d-2ac0271e3f13","name":"Palm Tree 1","assetId":"1b576162-483a-4738-a063-6a7530780a41","components":[],"parentId":"dc23454b-9d3c-4c94-b1d2-0448ec28415f","position":[-3.67551,-0.30584,-7.51395],"renderOrder":0,"rotation":[0,0.04659,0],"scale":[1.61121,1.61121,1.61121],"visualEdit":false},{"id":"35a55fa3-9cc7-4557-8022-626d3fcb0bbc","name":"Back Palm Tree","assetId":"1b576162-483a-4738-a063-6a7530780a41","components":[],"parentId":"9aaaf7c9-14f3-4a24-9379-be98b226c67d","position":[-0.06367690896302722,0.04867777120511848,0.05815051282605867],"renderOrder":0,"rotation":[0.6232589294860157,0.21013472798157698,0.6764270974371238],"scale":[0.0027079159663865545,0.0027079159663865554,0.002707915966386555],"visualEdit":false}]},"shapes":{"936bd538-9cb8-44f5-b21f-6b4a7eccfff4":[{"id":"a50bef2f-2f77-41f8-9367-3bd8e6c8fb4d","name":"Ocean Floor","assetId":"936bd538-9cb8-44f5-b21f-6b4a7eccfff4","components":[],"parentId":"dc23454b-9d3c-4c94-b1d2-0448ec28415f","position":[0,-3.5,0],"renderOrder":0,"rotation":[-1.5707963267948966,0,0],"scale":[1,1,1],"visualEdit":false,"materialId":"d6034922-1586-4b46-a062-c5d38a57b543","width":1000,"height":1000,"widthSegments":1,"heightSegments":1},{"id":"5a75debd-bb76-4d3c-8a14-ac9f7b20572b","name":"Underwater current","assetId":"936bd538-9cb8-44f5-b21f-6b4a7eccfff4","components":[],"parentId":"dc23454b-9d3c-4c94-b1d2-0448ec28415f","position":[0,-1.5,0],"renderOrder":0,"rotation":[-1.5707963267948966,0,0],"scale":[1,1,1],"visualEdit":false,"materialId":"9903d4a7-fce0-419f-917a-5d17022df4f4","width":1000,"height":1000,"widthSegments":100,"heightSegments":100}],"423c9506-52f4-4725-b848-69913cce2b00":[{"id":"6bbab316-c8a1-4730-81ed-8190d6723afe","name":"Island 1","assetId":"423c9506-52f4-4725-b848-69913cce2b00","components":[],"parentId":"dc23454b-9d3c-4c94-b1d2-0448ec28415f","position":[0,-59.5,-4],"renderOrder":0,"rotation":[-0.62223,0.27344,-0.6413],"scale":[595,595,595],"visualEdit":false,"materialId":"4ce5807c-8b55-4e4e-bb27-9f3bd49fdd18","radius":0.1,"widthSegments":32,"heightSegments":16,"phiLength":90,"thetaLength":90},{"id":"9aaaf7c9-14f3-4a24-9379-be98b226c67d","name":"Island 2","assetId":"423c9506-52f4-4725-b848-69913cce2b00","components":[],"parentId":"dc23454b-9d3c-4c94-b1d2-0448ec28415f","position":[7.7427,-59.55119,-67.92432],"renderOrder":0,"rotation":[-2.39964,0.59079,1.83687],"scale":[595,595,595],"visualEdit":false,"materialId":"4ce5807c-8b55-4e4e-bb27-9f3bd49fdd18","radius":0.1,"widthSegments":32,"heightSegments":16,"phiLength":90,"thetaLength":90},{"id":"033f8e60-03be-4378-ad1f-fff6622c61d4","name":"Saber Tip","assetId":"423c9506-52f4-4725-b848-69913cce2b00","components":[],"parentId":"fc7f84fe-bf05-4b80-851f-1034e8726051","position":[0,0.5,0],"renderOrder":0,"rotation":[0,0.040019999999999986,0],"scale":[1,1,1],"visualEdit":false,"materialId":"f7a94b37-d19b-42da-b8e0-09c75912a46d","radius":0.01,"widthSegments":32,"heightSegments":16,"phiLength":360,"thetaLength":90}],"f4efc996-0d50-48fe-9313-3c7b1a5c1754":[{"id":"25e0a1f7-f42e-4153-b35e-53cdc12438f6","name":"Saber Handle","assetId":"f4efc996-0d50-48fe-9313-3c7b1a5c1754","components":[],"parentId":"dc23454b-9d3c-4c94-b1d2-0448ec28415f","position":[0,-100,0],"renderOrder":0,"rotation":[0,-0.04802,0],"scale":[1,1,1],"visualEdit":true,"materialId":"195762c6-84c6-4fa8-afa6-9e769c2279a8","height":0.2,"radiusTop":0.015,"radiusBottom":0.015,"radialSegments":32,"heightSegments":1,"thetaLength":360,"openEnded":false},{"id":"fc7f84fe-bf05-4b80-851f-1034e8726051","name":"Saber Blade","assetId":"f4efc996-0d50-48fe-9313-3c7b1a5c1754","components":[],"parentId":"25e0a1f7-f42e-4153-b35e-53cdc12438f6","position":[0,0.401,0],"renderOrder":0,"rotation":[0,0,0],"scale":[1,1,1],"visualEdit":false,"materialId":"f7a94b37-d19b-42da-b8e0-09c75912a46d","height":1,"radiusTop":0.01,"radiusBottom":0.01,"radialSegments":32,"heightSegments":1,"thetaLength":360,"openEnded":false},{"id":"b418aa78-f971-4691-a743-150531b8dab9","name":"Inner Blade","assetId":"f4efc996-0d50-48fe-9313-3c7b1a5c1754","components":[],"parentId":"fc7f84fe-bf05-4b80-851f-1034e8726051","position":[0,0,0],"renderOrder":0,"rotation":[0,0.74437,0],"scale":[0.9999999999999999,1,0.9999999999999999],"visualEdit":false,"materialId":"e672996b-7547-49b6-9e4d-f660d9263fc9","height":1,"radiusTop":0.005,"radiusBottom":0.005,"radialSegments":32,"heightSegments":1,"thetaLength":360,"openEnded":false}]},"systems":{"2c7f5320-0371-4d99-b546-2eb18a343d3f":[{"id":"a862c5b0-ec50-47e9-88b2-ce034bc37f60","name":"Texture Scroller","assetId":"2c7f5320-0371-4d99-b546-2eb18a343d3f","components":[]}],"6329e98a-4311-4457-9198-48d75640f8cc":[{"id":"2d7d48d6-6a52-449f-b1da-2e785e3f85cd","name":"Grabbable System","assetId":"6329e98a-4311-4457-9198-48d75640f8cc","components":[]}]},"texts":{},"textures":{"95f63d4b-06d1-4211-912b-556b6ce7bf5f":[{"id":"b2044c7e-5d80-4726-b42e-b91b5f6786c1","name":"Underwater Current Texture","assetId":"95f63d4b-06d1-4211-912b-556b6ce7bf5f","components":["dd21a79d-82e8-4a65-b751-1efad2ab7eb7"],"colorSpace":"","image":"4603ad73-5435-4640-893c-3d0209feb7d2","wrapS":1000,"wrapT":1000,"repeat":[5,5],"offset":[0,0]},{"id":"df794393-3421-49ed-8c6c-4c6b7415a343","name":"Dirt Texture","assetId":"95f63d4b-06d1-4211-912b-556b6ce7bf5f","components":[],"colorSpace":"srgb","image":"b180f418-89e4-4458-9c9c-c8ecc3af9e59","wrapS":1000,"wrapT":1000,"repeat":[20,10],"offset":[0,0]},{"id":"94de78a5-8449-46d6-aad1-b891e6cd4822","name":"Dirt Displacement Texture","assetId":"95f63d4b-06d1-4211-912b-556b6ce7bf5f","components":[],"colorSpace":"srgb","image":"d14869b3-bdea-4a98-81d0-9f8eaf6c291f","wrapS":1000,"wrapT":1000,"repeat":[20,10],"offset":[0,0]},{"id":"eb93ba89-4f6d-4786-8efe-25fd6a411eed","name":"Grass Texture","assetId":"95f63d4b-06d1-4211-912b-556b6ce7bf5f","components":[],"colorSpace":"srgb","image":"290d6218-69cf-49ee-a993-5ee6c57b526e","wrapS":1000,"wrapT":1000,"repeat":[10,10],"offset":[0,0]},{"id":"d55f98ae-9044-43ca-820a-c56c794ef9cc","name":"Fog Texture","assetId":"95f63d4b-06d1-4211-912b-556b6ce7bf5f","components":["f0e946ea-0ee2-4491-99bc-8f8366c48b14"],"colorSpace":"srgb","image":"4603ad73-5435-4640-893c-3d0209feb7d2","wrapS":1000,"wrapT":1000,"repeat":[1,1],"offset":[0,0]}]},"videos":{},"library":{"d9891de1-914d-4448-9e66-8867211b5dc8":{"Name":"Grabbable","Type":"COMPONENT","Filepath":"assets/d9891de1-914d-4448-9e66-8867211b5dc8/Grabbable"},"a9d2e22f-ddf6-49fe-a420-5fffd5ee69a3":{"Name":"Texture Scroll","Type":"COMPONENT","Filepath":"assets/a9d2e22f-ddf6-49fe-a420-5fffd5ee69a3/Texture Scroll"},"2c7f5320-0371-4d99-b546-2eb18a343d3f":{"Name":"Texture Scroller","Type":"SYSTEM","Filepath":"assets/2c7f5320-0371-4d99-b546-2eb18a343d3f/Texture Scroller"},"6329e98a-4311-4457-9198-48d75640f8cc":{"Name":"Grabbable System","Type":"SYSTEM","Filepath":"assets/6329e98a-4311-4457-9198-48d75640f8cc/Grabbable System"},"b180f418-89e4-4458-9c9c-c8ecc3af9e59":{"Name":"dirt.jpg","Type":"IMAGE","Filepath":"assets/b180f418-89e4-4458-9c9c-c8ecc3af9e59/dirt.jpg"},"d14869b3-bdea-4a98-81d0-9f8eaf6c291f":{"Name":"dirt displacement map.jpg","Type":"IMAGE","Filepath":"assets/d14869b3-bdea-4a98-81d0-9f8eaf6c291f/dirt displacement map.jpg"},"1a52bbe0-eaad-463c-ae8b-fb35a5e01f43":{"Name":"Aura Material","Type":"MATERIAL","Filepath":"assets/1a52bbe0-eaad-463c-ae8b-fb35a5e01f43/Aura Material"},"5ff5133d-1acb-4325-aea8-7279864f96f3":{"Name":"skybox down.jpg","Type":"IMAGE","Filepath":"assets/5ff5133d-1acb-4325-aea8-7279864f96f3/skybox down.jpg"},"b02d649a-b6ec-454b-8e8f-8561f0dadebc":{"Name":"Water","Type":"CUSTOM_ASSET","Filepath":"assets/b02d649a-b6ec-454b-8e8f-8561f0dadebc/Water"},"4603ad73-5435-4640-893c-3d0209feb7d2":{"Name":"Water Ripples Bump Map.jpg","Type":"IMAGE","Filepath":"assets/4603ad73-5435-4640-893c-3d0209feb7d2/Water Ripples Bump Map.jpg"},"c75f14a2-4b1c-42ea-8583-3341f191293b":{"Name":"skybox back.jpg","Type":"IMAGE","Filepath":"assets/c75f14a2-4b1c-42ea-8583-3341f191293b/skybox back.jpg"},"16271986-ac59-4494-b58c-b0ed5e2840ab":{"Name":"skybox left.jpg","Type":"IMAGE","Filepath":"assets/16271986-ac59-4494-b58c-b0ed5e2840ab/skybox left.jpg"},"41207b48-296c-4a80-b9ba-7d2d8b9eb861":{"Name":"skybox up.jpg","Type":"IMAGE","Filepath":"assets/41207b48-296c-4a80-b9ba-7d2d8b9eb861/skybox up.jpg"},"b6a075e6-33e8-4647-8f1b-7e7adaeed60b":{"Name":"skybox right.jpg","Type":"IMAGE","Filepath":"assets/b6a075e6-33e8-4647-8f1b-7e7adaeed60b/skybox right.jpg"},"630312ea-e637-4559-ae10-8ec1ccb13ae7":{"Name":"skybox front.jpg","Type":"IMAGE","Filepath":"assets/630312ea-e637-4559-ae10-8ec1ccb13ae7/skybox front.jpg"},"290d6218-69cf-49ee-a993-5ee6c57b526e":{"Name":"grass.jpg","Type":"IMAGE","Filepath":"assets/290d6218-69cf-49ee-a993-5ee6c57b526e/grass.jpg"},"1b576162-483a-4738-a063-6a7530780a41":{"Name":"Stylized Palm Tree","Type":"MODEL","SketchfabID":"22c3a3d3fb7146cfa22850fa31390e5d","Filepath":"assets/1b576162-483a-4738-a063-6a7530780a41/Stylized Palm Tree"}}}